Produkt,Preis,Region
https://www.ebay.ch/b/PC-Notebooks-Netbooks/177/bn_466644,1000,Z端rich
https://www.ebay.ch/b/PC-Notebooks-Netbooks/177/bn_466644,1000,Z端rich
https://www.ebay.ch/b/PC-Notebooks-Netbooks/177/bn_466644,500,Basel
https://www.ebay.ch/b/Apple-Notebooks/111422/bn_466752,9000,Genf
https://www.ebay.ch/b/Computer-Tablets-Netzwerk/58058/bn_1845234,6000,Genf
https://www.ebay.ch/b/Computer-Tablets-Netzwerk/58058/bn_1845234,150,St. Moritz
https://www.ebay.ch/b/PC-Notebooks-Netbooks/177/bn_466644,250,Z端rich
https://www.ebay.ch/b/Computer-Tablets-Netzwerk/58058/bn_1845234,200,Genf
https://www.ebay.ch/b/Apple-Notebooks/111422/bn_466752,5000,Bern
https://www.ebay.ch/b/Computer-Tablets-Netzwerk/58058/bn_1845234,100,Winterthur
https://www.ebay.ch/b/Apple-Notebooks/111422/bn_466752,350,St. Gallen,https://www.ebay.ch/b/Apple-Notebooks/111422/bn_466752
https://www.ebay.ch/b/PC-Notebooks-Netbooks/177/bn_466644,6000,Chur,https://www.ebay.ch/b/PC-Notebooks-Netbooks/177/bn_466644
https://www.ebay.ch/b/PC-Notebooks-Netbooks/177/bn_466644,500,Davos,
https://www.ebay.ch/b/Apple-Notebooks/111422/bn_466752,500,Lenzerheide,
https://www.ebay.ch/b/Computer-Tablets-Netzwerk/58058/bn_1845234,400,Z端rich,
https://www.ebay.ch/b/Computer-Tablets-Netzwerk/58058/bn_1845234,100,Bern,
https://www.ebay.ch/b/Apple-Notebooks/111422/bn_466752,500,Basel,
https://www.ebay.ch/b/Apple-Notebooks/111422/bn_466752,650,Luzern,
https://www.ebay.ch/b/PC-Notebooks-Netbooks/177/bn_466644,600,Basel,
